<?xml version="1.0" encoding="UTF-8"?><rss xmlns:dc="http://purl.org/dc/elements/1.1/" xmlns:content="http://purl.org/rss/1.0/modules/content/" xmlns:atom="http://www.w3.org/2005/Atom" version="2.0"><channel><title><![CDATA[Brennan Matthew Portfolio]]></title><description><![CDATA[Hello, I'm Brennan Martin! I'm a UX Lead and founder who loves playing in gray space of life and making sense of it.  ]]></description><link>https://brennanmatthew.com</link><image><url>https://brennanmatthew.com/icons/icon-512x512.png</url><title>Brennan Matthew Portfolio</title><link>https://brennanmatthew.com</link></image><generator>GatsbyJS</generator><lastBuildDate>Mon, 15 Feb 2021 23:13:19 GMT</lastBuildDate><atom:link href="https://brennanmatthew.com/rss.xml" rel="self" type="application/rss+xml"/><item><title><![CDATA[MyWayy - Social Habit Building App]]></title><description><![CDATA[MyWayy is a routine builder mobile app that makes habit creation a team sport by involving your friends and followers!]]></description><link>https://brennanmatthew.com/mywayy-social-habit-building-app</link><guid isPermaLink="false">https://brennanmatthew.com/mywayy-social-habit-building-app</guid><dc:creator><![CDATA[Brennan Martin]]></dc:creator><pubDate>Sat, 31 Oct 2020 00:00:00 GMT</pubDate></item><item><title><![CDATA[Arrow Electronics - API Webstore]]></title><description><![CDATA[Exciting new case study coming soon!]]></description><link>https://brennanmatthew.com/arrow-electronics-api-webstore</link><guid isPermaLink="false">https://brennanmatthew.com/arrow-electronics-api-webstore</guid><dc:creator><![CDATA[Brennan Martin]]></dc:creator><pubDate>Wed, 01 Jul 2020 00:00:00 GMT</pubDate></item><item><title><![CDATA[Arrow Electronics - Partner Experience Platform]]></title><description><![CDATA[Exciting new case study coming soon!]]></description><link>https://brennanmatthew.com/arrow-electronics-partner-experience-platform</link><guid isPermaLink="false">https://brennanmatthew.com/arrow-electronics-partner-experience-platform</guid><dc:creator><![CDATA[Brennan Martin]]></dc:creator><pubDate>Mon, 25 May 2020 00:00:00 GMT</pubDate></item></channel></rss>