{"errors":[],"warnings":[],"namedChunkGroups":{"app":{"chunks":[5,0,1],"assets":["webpack-runtime-9b95b7ee3c17ff952dbe.js","webpack-runtime-9b95b7ee3c17ff952dbe.js.map","commons-6171c80929838f33a8f0.js","commons-6171c80929838f33a8f0.js.map","app-66ce75a88b16de265797.js","app-66ce75a88b16de265797.js.map"],"children":{},"childAssets":{}},"component---node-modules-narative-gatsby-theme-novela-src-templates-articles-template-tsx":{"chunks":[0,3],"assets":["commons-6171c80929838f33a8f0.js","commons-6171c80929838f33a8f0.js.map","component---node-modules-narative-gatsby-theme-novela-src-templates-articles-template-tsx-62b289c7f42dda26e247.js","component---node-modules-narative-gatsby-theme-novela-src-templates-articles-template-tsx-62b289c7f42dda26e247.js.map"],"children":{},"childAssets":{}},"component---node-modules-narative-gatsby-theme-novela-src-templates-article-template-tsx":{"chunks":[0,2],"assets":["commons-6171c80929838f33a8f0.js","commons-6171c80929838f33a8f0.js.map","component---node-modules-narative-gatsby-theme-novela-src-templates-article-template-tsx-14254d08e08f49fcc8f9.js","component---node-modules-narative-gatsby-theme-novela-src-templates-article-template-tsx-14254d08e08f49fcc8f9.js.map"],"children":{},"childAssets":{}},"component---node-modules-narative-gatsby-theme-novela-src-templates-author-template-tsx":{"chunks":[0,4],"assets":["commons-6171c80929838f33a8f0.js","commons-6171c80929838f33a8f0.js.map","component---node-modules-narative-gatsby-theme-novela-src-templates-author-template-tsx-9db63a12fa67e2d7f005.js","component---node-modules-narative-gatsby-theme-novela-src-templates-author-template-tsx-9db63a12fa67e2d7f005.js.map"],"children":{},"childAssets":{}}},"assetsByChunkName":{"app":["webpack-runtime-9b95b7ee3c17ff952dbe.js","commons-6171c80929838f33a8f0.js","app-66ce75a88b16de265797.js"],"component---node-modules-narative-gatsby-theme-novela-src-templates-articles-template-tsx":["commons-6171c80929838f33a8f0.js","component---node-modules-narative-gatsby-theme-novela-src-templates-articles-template-tsx-62b289c7f42dda26e247.js"],"component---node-modules-narative-gatsby-theme-novela-src-templates-article-template-tsx":["commons-6171c80929838f33a8f0.js","component---node-modules-narative-gatsby-theme-novela-src-templates-article-template-tsx-14254d08e08f49fcc8f9.js"],"component---node-modules-narative-gatsby-theme-novela-src-templates-author-template-tsx":["commons-6171c80929838f33a8f0.js","component---node-modules-narative-gatsby-theme-novela-src-templates-author-template-tsx-9db63a12fa67e2d7f005.js"]}}