{"data":{"allSite":{"edges":[{"node":{"siteMetadata":{"name":"Brennan Matthew Martin Portfolio","social":[{"url":"https://github.com/itsbrennan","name":"github"},{"url":"https://www.linkedin.com/in/itsbrennan","name":"linkedin"},{"url":"https://dribbble.com/itsbrennan","name":"dribbble"}]}}}]},"allMdx":{"edges":[{"node":{"frontmatter":{"date":"2020-05-25T00:00:00.000Z"}}},{"node":{"frontmatter":{"date":"2020-07-01T00:00:00.000Z"}}},{"node":{"frontmatter":{"date":"2020-10-31T00:00:00.000Z"}}}]}}}